Workbook

Sheet Instructions
A1: MoneyKiBaatein – Vendor Reconciliation Practice
A2: Objective | B2: Practice a real-world Accounts Payable (AP) vendor reconciliation workflow.
A3: Step 1 | B3: Review Vendor_Ledger and Vendor_Statement.
A4: Step 2 | B4: Compare invoice numbers, payments, TDS and credit notes.
A5: Step 3 | B5: Complete/review the Reconciliation sheet.
A6: Step 4 | B6: Identify matched, vendor-only and book-only transactions.
A7: Step 5 | B7: Review the Summary sheet and investigate differences.
A8: Portfolio Use | B8: Fictional data created for accounting portfolio and learning purposes.
A9: Privacy | B9: Never upload confidential employer/client/vendor data to GitHub.

Sheet Vendor_Ledger
A1: Date | B1: Invoice/Ref No | C1: Description | D1: Invoice Amount | E1: TDS | F1: Payment | G1: Credit Note | H1: Net Balance
A2: 46266 | B2: V-001 | C2: Office Supplies | D2: 50000 | E2: 5000 | F2: 0 | G2: 0 | H2: 45000
A3: 46268 | B3: V-002 | C3: IT Services | D3: 75000 | E3: 7500 | F3: 0 | G3: 0 | H3: 67500
A4: 46270 | B4: V-003 | C4: Consultancy | D4: 40000 | E4: 4000 | F4: 0 | G4: 0 | H4: 36000
A5: 46272 | B5: V-004 | C5: Office Maintenance | D5: 30000 | E5: 3000 | F5: 0 | G5: 0 | H5: 27000
A6: 46275 | B6: V-005 | C6: Stationery | D6: 20000 | E6: 2000 | F6: 0 | G6: 0 | H6: 18000
A7: 46277 | B7: V-006 | C7: Software Subscription | D7: 60000 | E7: 6000 | F7: 0 | G7: 0 | H7: 54000
A8: 46280 | B8: P-001 | C8: Payment against V-001 | D8: 0 | E8: 0 | F8: 45000 | G8: 0 | H8: -45000
A9: 46283 | B9: CN-001 | C9: Credit Note | D9: 0 | E9: 0 | F9: 0 | G9: 5000 | H9: -5000

Sheet Vendor_Statement
A1: Date | B1: Invoice/Ref No | C1: Description | D1: Debit | E1: Credit | F1: Balance
A2: 46266 | B2: V-001 | C2: Office Supplies | D2: 50000 | E2: 5000 | F2: 45000
A3: 46268 | B3: V-002 | C3: IT Services | D3: 75000 | E3: 7500 | F3: 67500
A4: 46270 | B4: V-003 | C4: Consultancy | D4: 40000 | E4: 4000 | F4: 36000
A5: 46272 | B5: V-004 | C5: Office Maintenance | D5: 30000 | E5: 3000 | F5: 27000
A6: 46275 | B6: V-005 | C6: Stationery | D6: 20000 | E6: 2000 | F6: 18000
A7: 46277 | B7: V-006 | C7: Software Subscription | D7: 60000 | E7: 6000 | F7: 54000
A8: 46281 | B8: P-001 | C8: Payment received | D8: 0 | E8: 45000 | F8: -45000
A9: 46285 | B9: CN-001 | C9: Credit Note | D9: 0 | E9: 5000 | F9: -5000
A10: 46286 | B10: V-007 | C10: Additional service invoice | D10: 25000 | E10: 2500 | F10: 22500

Sheet Reconciliation
A1: Reference No | B1: Book Amount | C1: Statement Amount | D1: Difference | E1: Status | F1: Action
A2: V-001 | B2: =IFERROR(VLOOKUP(A2,Vendor_Ledger!B:H,7,FALSE),"") | C2: =IFERROR(VLOOKUP(A2,Vendor_Statement!B:F,5,FALSE),"") | D2: =IF(OR(B2="",C2=""),"",B2-C2) | E2: =IF(B2="","Missing in Books",IF(C2="","Missing in Vendor Statement",IF(B2=C2,"Matched","Difference"))) | F2: =IF(E2="Matched","No action",IF(E2="Missing in Books","Verify invoice and record if valid",IF(E2="Missing in Vendor Statement","Ask vendor for confirmation","Investigate difference")))
A3: V-002 | B3: =IFERROR(VLOOKUP(A3,Vendor_Ledger!B:H,7,FALSE),"") | C3: =IFERROR(VLOOKUP(A3,Vendor_Statement!B:F,5,FALSE),"") | D3: =IF(OR(B3="",C3=""),"",B3-C3) | E3: =IF(B3="","Missing in Books",IF(C3="","Missing in Vendor Statement",IF(B3=C3,"Matched","Difference"))) | F3: =IF(E3="Matched","No action",IF(E3="Missing in Books","Verify invoice and record if valid",IF(E3="Missing in Vendor Statement","Ask vendor for confirmation","Investigate difference")))
A4: V-003 | B4: =IFERROR(VLOOKUP(A4,Vendor_Ledger!B:H,7,FALSE),"") | C4: =IFERROR(VLOOKUP(A4,Vendor_Statement!B:F,5,FALSE),"") | D4: =IF(OR(B4="",C4=""),"",B4-C4) | E4: =IF(B4="","Missing in Books",IF(C4="","Missing in Vendor Statement",IF(B4=C4,"Matched","Difference"))) | F4: =IF(E4="Matched","No action",IF(E4="Missing in Books","Verify invoice and record if valid",IF(E4="Missing in Vendor Statement","Ask vendor for confirmation","Investigate difference")))
A5: V-004 | B5: =IFERROR(VLOOKUP(A5,Vendor_Ledger!B:H,7,FALSE),"") | C5: =IFERROR(VLOOKUP(A5,Vendor_Statement!B:F,5,FALSE),"") | D5: =IF(OR(B5="",C5=""),"",B5-C5) | E5: =IF(B5="","Missing in Books",IF(C5="","Missing in Vendor Statement",IF(B5=C5,"Matched","Difference"))) | F5: =IF(E5="Matched","No action",IF(E5="Missing in Books","Verify invoice and record if valid",IF(E5="Missing in Vendor Statement","Ask vendor for confirmation","Investigate difference")))
A6: V-005 | B6: =IFERROR(VLOOKUP(A6,Vendor_Ledger!B:H,7,FALSE),"") | C6: =IFERROR(VLOOKUP(A6,Vendor_Statement!B:F,5,FALSE),"") | D6: =IF(OR(B6="",C6=""),"",B6-C6) | E6: =IF(B6="","Missing in Books",IF(C6="","Missing in Vendor Statement",IF(B6=C6,"Matched","Difference"))) | F6: =IF(E6="Matched","No action",IF(E6="Missing in Books","Verify invoice and record if valid",IF(E6="Missing in Vendor Statement","Ask vendor for confirmation","Investigate difference")))
A7: V-006 | B7: =IFERROR(VLOOKUP(A7,Vendor_Ledger!B:H,7,FALSE),"") | C7: =IFERROR(VLOOKUP(A7,Vendor_Statement!B:F,5,FALSE),"") | D7: =IF(OR(B7="",C7=""),"",B7-C7) | E7: =IF(B7="","Missing in Books",IF(C7="","Missing in Vendor Statement",IF(B7=C7,"Matched","Difference"))) | F7: =IF(E7="Matched","No action",IF(E7="Missing in Books","Verify invoice and record if valid",IF(E7="Missing in Vendor Statement","Ask vendor for confirmation","Investigate difference")))
A8: P-001 | B8: =IFERROR(VLOOKUP(A8,Vendor_Ledger!B:H,7,FALSE),"") | C8: =IFERROR(VLOOKUP(A8,Vendor_Statement!B:F,5,FALSE),"") | D8: =IF(OR(B8="",C8=""),"",B8-C8) | E8: =IF(B8="","Missing in Books",IF(C8="","Missing in Vendor Statement",IF(B8=C8,"Matched","Difference"))) | F8: =IF(E8="Matched","No action",IF(E8="Missing in Books","Verify invoice and record if valid",IF(E8="Missing in Vendor Statement","Ask vendor for confirmation","Investigate difference")))
A9: CN-001 | B9: =IFERROR(VLOOKUP(A9,Vendor_Ledger!B:H,7,FALSE),"") | C9: =IFERROR(VLOOKUP(A9,Vendor_Statement!B:F,5,FALSE),"") | D9: =IF(OR(B9="",C9=""),"",B9-C9) | E9: =IF(B9="","Missing in Books",IF(C9="","Missing in Vendor Statement",IF(B9=C9,"Matched","Difference"))) | F9: =IF(E9="Matched","No action",IF(E9="Missing in Books","Verify invoice and record if valid",IF(E9="Missing in Vendor Statement","Ask vendor for confirmation","Investigate difference")))
A10: V-007 | B10: =IFERROR(VLOOKUP(A10,Vendor_Ledger!B:H,7,FALSE),"") | C10: =IFERROR(VLOOKUP(A10,Vendor_Statement!B:F,5,FALSE),"") | D10: =IF(OR(B10="",C10=""),"",B10-C10) | E10: =IF(B10="","Missing in Books",IF(C10="","Missing in Vendor Statement",IF(B10=C10,"Matched","Difference"))) | F10: =IF(E10="Matched","No action",IF(E10="Missing in Books","Verify invoice and record if valid",IF(E10="Missing in Vendor Statement","Ask vendor for confirmation","Investigate difference")))

Sheet Summary
A1: Vendor Reconciliation Summary
A2: Metric | B2: Value
A3: References Reviewed | B3: =COUNTA(Reconciliation!A2:A10)
A4: Matched | B4: =COUNTIF(Reconciliation!E2:E10,"Matched")
A5: Missing in Books | B5: =COUNTIF(Reconciliation!E2:E10,"Missing in Books")
A6: Missing in Vendor Statement | B6: =COUNTIF(Reconciliation!E2:E10,"Missing in Vendor Statement")
A7: Differences | B7: =COUNTIF(Reconciliation!E2:E10,"Difference")
A8: Book Balance Total | B8: =SUM(Vendor_Ledger!H2:H9)
A9: Vendor Statement Balance Total | B9: =SUM(Vendor_Statement!F2:F10)
A10: Portfolio Note | B10: Fictional data for learning and portfolio practice.
