Workbook

Sheet Instructions
A1: MoneyKiBaatein – Customer Ageing Practice
A2: Objective | B2: Practice Accounts Receivable (AR) and customer ageing analysis using fictional data.
A3: Step 1 | B3: Review the Customer_Data sheet.
A4: Step 2 | B4: Calculate outstanding amount after receipts.
A5: Step 3 | B5: Review ageing days and ageing buckets.
A6: Step 4 | B6: Analyse customer-wise outstanding balances.
A7: Step 5 | B7: Review the AR_Summary sheet.
A8: Portfolio Use | B8: Fictional data created for learning and accounting portfolio purposes.
A9: Privacy | B9: Never upload confidential employer/client/customer data to GitHub.

Sheet Customer_Data
A1: Customer | B1: Invoice No | C1: Invoice Date | D1: Due Date | E1: Invoice Amount | F1: Amount Received | G1: Outstanding | H1: Ageing Days | I1: Ageing Bucket | J1: Status
A2: ABC Traders | B2: INV-101 | C2: 46266 | D2: 46280 | E2: 50000 | F2: 50000 | G2: =E2-F2 | H2: =IF(G2<=0,0,MAX(0,DATE(2026,9,30)-D2)) | I2: =IF(G2<=0,"Paid",IF(H2=0,"Not Due",IF(H2<=30,"1-30 Days",IF(H2<=60,"31-60 Days",IF(H2<=90,"61-90 Days",IF(H2<=180,"91-180 Days","Above 180 Days")))))) | J2: =IF(G2<=0,"Paid",IF(H2=0,"Not Due","Outstanding"))
A3: XYZ Pvt Ltd | B3: INV-102 | C3: 46235 | D3: 46254 | E3: 75000 | F3: 25000 | G3: =E3-F3 | H3: =IF(G3<=0,0,MAX(0,DATE(2026,9,30)-D3)) | I3: =IF(G3<=0,"Paid",IF(H3=0,"Not Due",IF(H3<=30,"1-30 Days",IF(H3<=60,"31-60 Days",IF(H3<=90,"61-90 Days",IF(H3<=180,"91-180 Days","Above 180 Days")))))) | J3: =IF(G3<=0,"Paid",IF(H3=0,"Not Due","Outstanding"))
A4: PQR Ltd | B4: INV-103 | C4: 46204 | D4: 46223 | E4: 120000 | F4: 0 | G4: =E4-F4 | H4: =IF(G4<=0,0,MAX(0,DATE(2026,9,30)-D4)) | I4: =IF(G4<=0,"Paid",IF(H4=0,"Not Due",IF(H4<=30,"1-30 Days",IF(H4<=60,"31-60 Days",IF(H4<=90,"61-90 Days",IF(H4<=180,"91-180 Days","Above 180 Days")))))) | J4: =IF(G4<=0,"Paid",IF(H4=0,"Not Due","Outstanding"))
A5: LMN Services | B5: INV-104 | C5: 46174 | D5: 46188 | E5: 45000 | F5: 10000 | G5: =E5-F5 | H5: =IF(G5<=0,0,MAX(0,DATE(2026,9,30)-D5)) | I5: =IF(G5<=0,"Paid",IF(H5=0,"Not Due",IF(H5<=30,"1-30 Days",IF(H5<=60,"31-60 Days",IF(H5<=90,"61-90 Days",IF(H5<=180,"91-180 Days","Above 180 Days")))))) | J5: =IF(G5<=0,"Paid",IF(H5=0,"Not Due","Outstanding"))
A6: DEF Enterprises | B6: INV-105 | C6: 46143 | D6: 46162 | E6: 90000 | F6: 30000 | G6: =E6-F6 | H6: =IF(G6<=0,0,MAX(0,DATE(2026,9,30)-D6)) | I6: =IF(G6<=0,"Paid",IF(H6=0,"Not Due",IF(H6<=30,"1-30 Days",IF(H6<=60,"31-60 Days",IF(H6<=90,"61-90 Days",IF(H6<=180,"91-180 Days","Above 180 Days")))))) | J6: =IF(G6<=0,"Paid",IF(H6=0,"Not Due","Outstanding"))
A7: GHI Solutions | B7: INV-106 | C7: 46082 | D7: 46096 | E7: 60000 | F7: 0 | G7: =E7-F7 | H7: =IF(G7<=0,0,MAX(0,DATE(2026,9,30)-D7)) | I7: =IF(G7<=0,"Paid",IF(H7=0,"Not Due",IF(H7<=30,"1-30 Days",IF(H7<=60,"31-60 Days",IF(H7<=90,"61-90 Days",IF(H7<=180,"91-180 Days","Above 180 Days")))))) | J7: =IF(G7<=0,"Paid",IF(H7=0,"Not Due","Outstanding"))
A8: JKL Pvt Ltd | B8: INV-107 | C8: 46270 | D8: 46300 | E8: 40000 | F8: 0 | G8: =E8-F8 | H8: =IF(G8<=0,0,MAX(0,DATE(2026,9,30)-D8)) | I8: =IF(G8<=0,"Paid",IF(H8=0,"Not Due",IF(H8<=30,"1-30 Days",IF(H8<=60,"31-60 Days",IF(H8<=90,"61-90 Days",IF(H8<=180,"91-180 Days","Above 180 Days")))))) | J8: =IF(G8<=0,"Paid",IF(H8=0,"Not Due","Outstanding"))
A9: MNO Traders | B9: INV-108 | C9: 46113 | D9: 46132 | E9: 80000 | F9: 20000 | G9: =E9-F9 | H9: =IF(G9<=0,0,MAX(0,DATE(2026,9,30)-D9)) | I9: =IF(G9<=0,"Paid",IF(H9=0,"Not Due",IF(H9<=30,"1-30 Days",IF(H9<=60,"31-60 Days",IF(H9<=90,"61-90 Days",IF(H9<=180,"91-180 Days","Above 180 Days")))))) | J9: =IF(G9<=0,"Paid",IF(H9=0,"Not Due","Outstanding"))
A10: RST Ltd | B10: INV-109 | C10: 46249 | D10: 46275 | E10: 35000 | F10: 0 | G10: =E10-F10 | H10: =IF(G10<=0,0,MAX(0,DATE(2026,9,30)-D10)) | I10: =IF(G10<=0,"Paid",IF(H10=0,"Not Due",IF(H10<=30,"1-30 Days",IF(H10<=60,"31-60 Days",IF(H10<=90,"61-90 Days",IF(H10<=180,"91-180 Days","Above 180 Days")))))) | J10: =IF(G10<=0,"Paid",IF(H10=0,"Not Due","Outstanding"))
A11: UVW Corp | B11: INV-110 | C11: 46023 | D11: 46042 | E11: 150000 | F11: 50000 | G11: =E11-F11 | H11: =IF(G11<=0,0,MAX(0,DATE(2026,9,30)-D11)) | I11: =IF(G11<=0,"Paid",IF(H11=0,"Not Due",IF(H11<=30,"1-30 Days",IF(H11<=60,"31-60 Days",IF(H11<=90,"61-90 Days",IF(H11<=180,"91-180 Days","Above 180 Days")))))) | J11: =IF(G11<=0,"Paid",IF(H11=0,"Not Due","Outstanding"))

Sheet AR_Summary
A1: AR Ageing Summary
A2: Ageing Bucket | B2: Outstanding Amount | C2: Invoice Count
A3: Not Due | B3: =SUMIF(Customer_Data!I2:I11,A3,Customer_Data!G2:G11) | C3: =COUNTIF(Customer_Data!I2:I11,A3)
A4: 1-30 Days | B4: =SUMIF(Customer_Data!I2:I11,A4,Customer_Data!G2:G11) | C4: =COUNTIF(Customer_Data!I2:I11,A4)
A5: 31-60 Days | B5: =SUMIF(Customer_Data!I2:I11,A5,Customer_Data!G2:G11) | C5: =COUNTIF(Customer_Data!I2:I11,A5)
A6: 61-90 Days | B6: =SUMIF(Customer_Data!I2:I11,A6,Customer_Data!G2:G11) | C6: =COUNTIF(Customer_Data!I2:I11,A6)
A7: 91-180 Days | B7: =SUMIF(Customer_Data!I2:I11,A7,Customer_Data!G2:G11) | C7: =COUNTIF(Customer_Data!I2:I11,A7)
A8: Above 180 Days | B8: =SUMIF(Customer_Data!I2:I11,A8,Customer_Data!G2:G11) | C8: =COUNTIF(Customer_Data!I2:I11,A8)
A10: Total Outstanding | B10: =SUM(Customer_Data!G2:G11)
A11: Total Invoice Value | B11: =SUM(Customer_Data!E2:E11)
A12: Total Received | B12: =SUM(Customer_Data!F2:F11)
A13: Reporting Date | B13: 46295

Sheet Customer_Summary
A1: Customer | B1: Total Invoice Value | C1: Total Received | D1: Outstanding
A2: ABC Traders | B2: =SUMIF(Customer_Data!A2:A11,A2,Customer_Data!E2:E11) | C2: =SUMIF(Customer_Data!A2:A11,A2,Customer_Data!F2:F11) | D2: =B2-C2
A3: XYZ Pvt Ltd | B3: =SUMIF(Customer_Data!A2:A11,A3,Customer_Data!E2:E11) | C3: =SUMIF(Customer_Data!A2:A11,A3,Customer_Data!F2:F11) | D3: =B3-C3
A4: PQR Ltd | B4: =SUMIF(Customer_Data!A2:A11,A4,Customer_Data!E2:E11) | C4: =SUMIF(Customer_Data!A2:A11,A4,Customer_Data!F2:F11) | D4: =B4-C4
A5: LMN Services | B5: =SUMIF(Customer_Data!A2:A11,A5,Customer_Data!E2:E11) | C5: =SUMIF(Customer_Data!A2:A11,A5,Customer_Data!F2:F11) | D5: =B5-C5
A6: DEF Enterprises | B6: =SUMIF(Customer_Data!A2:A11,A6,Customer_Data!E2:E11) | C6: =SUMIF(Customer_Data!A2:A11,A6,Customer_Data!F2:F11) | D6: =B6-C6
A7: GHI Solutions | B7: =SUMIF(Customer_Data!A2:A11,A7,Customer_Data!E2:E11) | C7: =SUMIF(Customer_Data!A2:A11,A7,Customer_Data!F2:F11) | D7: =B7-C7
A8: JKL Pvt Ltd | B8: =SUMIF(Customer_Data!A2:A11,A8,Customer_Data!E2:E11) | C8: =SUMIF(Customer_Data!A2:A11,A8,Customer_Data!F2:F11) | D8: =B8-C8
A9: MNO Traders | B9: =SUMIF(Customer_Data!A2:A11,A9,Customer_Data!E2:E11) | C9: =SUMIF(Customer_Data!A2:A11,A9,Customer_Data!F2:F11) | D9: =B9-C9
A10: RST Ltd | B10: =SUMIF(Customer_Data!A2:A11,A10,Customer_Data!E2:E11) | C10: =SUMIF(Customer_Data!A2:A11,A10,Customer_Data!F2:F11) | D10: =B10-C10
A11: UVW Corp | B11: =SUMIF(Customer_Data!A2:A11,A11,Customer_Data!E2:E11) | C11: =SUMIF(Customer_Data!A2:A11,A11,Customer_Data!F2:F11) | D11: =B11-C11
